Type,Name,Request Count,Failure Count,Median Response Time,Average Response Time,Min Response Time,Max Response Time,Average Content Size,Requests/s,Failures/s,50%,66%,75%,80%,90%,95%,98%,99%,99.9%,99.99%,100%
PUT,/batch?,115,0,17,18.915711043478183,11.315157000005627,64.53212399999985,49.0,1.9399393020896198,0.0,17,19,21,22,24,30,31,31,65,65,65
PUT,/create,106,0,36,38.01859003773593,25.644988999999896,137.4055090000006,49.0,1.7881179654043453,0.0,36,39,40,43,47,53,55,75,140,140,140
GET,/match?,118,0,11,11.026162491525316,7.014963999999679,36.05556499999807,157.0,1.9905464143180447,0.0,11,11,11,12,14,17,18,25,36,36,36
GET,/movies,100,0,6,6.294795629999605,4.061168999999865,12.388885000000016,72.0,1.6869037409474954,0.0,6,7,7,7,9,10,11,12,12,12,12
PUT,/upload?,96,0,11,10.965119375000235,7.5710690000008185,29.42417200000591,49.0,1.6194275913095957,0.0,11,11,11,12,13,15,21,29,29,29,29
,Aggregated,535,0,12,17.174757964485927,4.061168999999865,137.4055090000006,77.1196261682243,9.0249350140691,0.0,12,17,21,29,36,41,47,53,140,140,140
