Type,Name,Request Count,Failure Count,Median Response Time,Average Response Time,Min Response Time,Max Response Time,Average Content Size,Requests/s,Failures/s,50%,66%,75%,80%,90%,95%,98%,99%,99.9%,99.99%,100%
PUT,/batch?,94,0,93,101.59018057446848,76.40293400000076,193.2031160000065,49.0,1.5812371849825744,0.0,94,100,110,110,130,150,190,190,190,190,190
PUT,/create,105,0,130.0,141.23242989523823,104.89199399999904,246.84480599999858,49.0,1.766275578969897,0.0,130,140,160,170,180,210,230,250,250,250,250
POST,/match?,106,0,15,16.607107811320578,9.98155700000325,51.05269500000276,157.0,1.7830972511505627,0.0,15,16,18,19,23,26,27,32,51,51,51
GET,/movies,83,0,7,5.993479108433599,3.5086729999989075,8.595761999998786,72.0,1.396198790995252,0.0,7,7,7,7,7,8,8,9,9,9,9
PUT,/upload?,120,0,29,32.1474637416669,19.737124999998912,70.69067800000539,49.0,2.018600661679882,0.0,29,32,35,37,46,51,57,60,71,71,71
,Aggregated,508,0,30,60.02832668503942,3.5086729999989075,246.84480599999858,75.29330708661418,8.545409467778168,0.0,30,88,110,110,140,160,190,210,250,250,250
