Type,Name,Request Count,Failure Count,Median Response Time,Average Response Time,Min Response Time,Max Response Time,Average Content Size,Requests/s,Failures/s,50%,66%,75%,80%,90%,95%,98%,99%,99.9%,99.99%,100%
PUT,/batch?,112,0,18,20.49191776785717,12.569263000003161,76.9546120000002,49.0,1.881782142949949,0.0,19,20,22,23,27,35,41,56,77,77,77
PUT,/create,128,0,40,46.426309773437225,25.12253999999814,157.49622399999996,49.0,2.1506081633713703,0.0,41,46,52,55,71,83,100,110,160,160,160
POST,/match?,109,0,11,11.65943944954126,7.754600999994921,23.54686500000014,157.0,1.8313772641209327,0.0,11,12,13,14,15,16,19,19,24,24,24
GET,/movies,98,0,6,6.128737948979729,3.8503060000039113,11.729439999999869,72.0,1.6465593750812055,0.0,6,7,7,7,8,9,10,12,12,12,12
PUT,/upload?,93,0,11,11.48243920430107,6.967052999996781,44.735272000004045,49.0,1.5625512436995113,0.0,11,12,12,13,14,16,29,45,45,45,45
,Aggregated,540,0,14,20.698193529629602,3.8503060000039113,157.49622399999996,74.97407407407407,9.072878189222969,0.0,14,19,29,35,44,56,77,88,160,160,160
